date,entry_time,exit_time,direction,outcome,or_high,or_low,breakout_time,breakout_price,retest_price,entry_price,target_price,stop_price,rsi,rel_volume,price_to_vwap,price_to_ema9,or_range_pct,macd,macd_signal,adx,hammer,shooting_star,features
2024-12-23,2024-12-23 10:15:00,,LONG,-1,520.73,520.57,2024-12-23 09:38:00,520.82,520.45,520.45,523.05225,519.1488750000001,42.27840913392424,2.13894494090516,0.00013720779447901066,-0.00022987874218916016,0.030735539888961744,-0.03643026132988325,-0.028306660218327652,13.51355986987272,False,False,"[np.float64(1.920344125672102e-05), np.float64(0.0019203441256655728), np.float64(0.0), np.float64(0.0), np.float64(0.0), np.float64(0.0), np.float64(0.0), np.float64(0.0), np.float64(0.0), np.float64(0.0), np.float64(0.42278409133924244), np.float64(0.7129816469683866), np.float64(-0.03643026132988325), np.float64(-0.028306660218327652), np.float64(0.1351355986987272), 0, 0]"
2024-12-23,2024-12-23 10:21:00,,SHORT,1,520.73,520.57,2024-12-23 09:54:00,520.53,520.34,520.34,517.7383,521.64085,38.64304319337339,1.5647819737116628,-8.436079594320578e-05,-0.00028414872503390587,0.030735539888961744,-0.06097342360328639,-0.04093408601465905,15.906480136460036,False,False,"[np.float64(0.0), np.float64(0.0), np.float64(0.00019217834150087043), np.float64(0.026907036189982907), np.float64(0.0), np.float64(0.0), np.float64(0.0), np.float64(0.0), np.float64(0.0), np.float64(0.0), np.float64(0.3864304319337339), np.float64(0.5215939912372209), np.float64(-0.06097342360328639), np.float64(-0.04093408601465905), np.float64(0.15906480136460036), 0, 0]"
2024-12-24,2024-12-24 10:20:00,,LONG,-1,523.85,523.56,2024-12-24 09:47:00,523.99,523.99,523.99,526.6099499999999,522.680025,52.71778915335789,1.354656632173095,4.771311060847161e-05,-3.510927481520376e-05,0.055390022156023636,0.07237993676903898,0.10992588361377521,16.32656904451545,False,False,"[np.float64(1.907850806071032e-05), np.float64(0.0019078508060652304), np.float64(3.816211265461611e-05), np.float64(0.007632713811410394), np.float64(0.0), np.float64(0.0), np.float64(-1.908834084141109e-05), np.float64(0.0019088705213108033), np.float64(0.0), np.float64(0.0), np.float64(0.527177891533579), np.float64(0.451552210724365), np.float64(0.07237993676903898), np.float64(0.10992588361377521), np.float64(0.1632656904451545), 0, 0]"
2024-12-24,2024-12-24 11:52:00,,SHORT,-1,523.85,523.56,2024-12-24 11:46:00,523.34,523.62,523.62,521.0019,524.92905,44.18445055544265,3.2547699214365884,-1.6805798305874475e-05,3.9476563640228335e-07,0.055390022156023636,-0.1037521945042954,-0.08825637401998475,32.40224394875923,False,False,"[np.float64(0.0), np.float64(0.0), np.float64(0.00011464822104167993), np.float64(0.01146482210416659), np.float64(-0.00011463726857585677), np.float64(0.011465041178595804), np.float64(0.0), np.float64(0.0), np.float64(0.00021008804599031983), np.float64(0.021008804599020922), np.float64(0.4418445055544265), 1, np.float64(-0.1037521945042954), np.float64(-0.08825637401998475), np.float64(0.3240224394875923), 0, 0]"
2024-12-26,2024-12-26 10:38:00,,LONG,-1,528.72,528.19,2024-12-26 09:39:00,528.79,527.71,527.71,530.3485499999999,526.3907250000001,63.42792306396323,1.9834409971795106,1.3454540424229222e-05,0.00047591560784732145,0.10034267971752071,0.02972561524120465,-0.03839345411710611,13.86852572149974,False,False,"[np.float64(0.0), np.float64(0.0), np.float64(1.8961659524530106e-05), np.float64(0.0018961659524424335), np.float64(1.896094046260899e-05), np.float64(0.01137764293162898), np.float64(0.00015168177164315289), np.float64(0.015168177164317039), np.float64(-0.00011372898383166241), np.float64(0.011374191958457491), np.float64(0.6342792306396323), np.float64(0.6611469990598369), np.float64(0.02972561524120465), np.float64(-0.03839345411710611), np.float64(0.1386852572149974), 0, 0]"
2024-12-26,2024-12-26 09:53:00,,SHORT,1,528.72,528.19,2024-12-26 09:51:00,527.9,527.68,527.68,525.0415999999999,528.9992,31.47342642523995,3.0284790225496363,-7.598725157531572e-05,-0.0010187573615799694,0.10034267971752071,-0.12640535630805516,-0.04236317236279293,19.282746796068782,False,False,"[np.float64(-5.675368898971911e-05), np.float64(0.00567569101537596), np.float64(0.0), np.float64(0.0), np.float64(0.0), np.float64(0.0), np.float64(-0.00020832938770098952), np.float64(0.020837279787841192), np.float64(3.788022273565339e-05), np.float64(0.003788022273567523), np.float64(0.3147342642523995), 1, np.float64(-0.12640535630805516), np.float64(-0.04236317236279293), np.float64(0.1928274679606878), 0, 0]"
2024-12-27,2024-12-27 11:50:00,,LONG,1,527.84,527.69,2024-12-27 10:54:00,527.86,527.97,527.97,530.6098499999999,526.650075,59.19145601203574,4.087000505816895,-7.576182301516354e-07,0.00013821281661496876,0.028425780287664588,0.04554024643334742,0.028760447891487205,12.064123731210795,False,False,"[np.float64(3.789170550572152e-05), np.float64(0.0037891705505630345), np.float64(0.0), np.float64(0.0), np.float64(0.0), np.float64(0.0), np.float64(0.0), np.float64(0.0), np.float64(0.0), np.float64(0.0), np.float64(0.5919145601203574), 1, np.float64(0.04554024643334742), np.float64(0.028760447891487205), np.float64(0.12064123731210795), 0, 0]"
2024-12-27,2024-12-27 10:21:00,,SHORT,-1,527.84,527.69,2024-12-27 09:51:00,527.6,527.61,527.61,524.97195,528.929025,45.68787107800287,3.0506773707977923,-0.0001578568460126606,-0.00010730875783815375,0.028425780287664588,-0.027373016201295286,-0.041280517162131734,13.33346356838415,False,False,"[np.float64(0.0), np.float64(0.0), np.float64(0.0), np.float64(0.0), np.float64(0.0), np.float64(0.0), np.float64(3.790175864182288e-05), np.float64(0.00947543966041317), np.float64(0.0), np.float64(0.0), np.float64(0.45687871078002873), 1, np.float64(-0.027373016201295286), np.float64(-0.041280517162131734), np.float64(0.13333463568384152), 0, 0]"
2024-12-30,2024-12-30 09:50:00,,LONG,1,521.21,520.94,2024-12-30 09:37:00,521.3,521.17,521.17,523.7758499999999,519.867075,48.74018379537803,2.531566315350099,1.7269135641484468e-05,8.665240013439046e-05,0.05182938534187848,-0.0678521421697269,-0.09624303251990196,28.72695625720823,False,False,"[np.float64(0.0), np.float64(0.0), np.float64(0.0), np.float64(0.0), np.float64(0.0), np.float64(0.0), np.float64(0.0), np.float64(0.0), np.float64(0.0), np.float64(0.0), np.float64(0.4874018379537803), np.float64(0.8438554384500331), np.float64(-0.0678521421697269), np.float64(-0.09624303251990196), np.float64(0.2872695625720823), 0, 0]"
2024-12-30,2024-12-30 10:14:00,,SHORT,1,521.21,520.94,2024-12-30 09:47:00,520.93,521.46,521.46,518.8527,522.76365,56.399985746230705,2.636553332515036,-0.0001587597412906483,4.6304701221133726e-05,0.05182938534187848,0.07533462385003986,0.0419836093590465,14.553486135895227,False,False,"[np.float64(0.0), np.float64(0.0), np.float64(0.0), np.float64(0.0), np.float64(0.0), np.float64(0.0), np.float64(0.0), np.float64(0.0), np.float64(-5.751313216517673e-05), np.float64(0.005751644011574745), np.float64(0.5639998574623071), np.float64(0.8788511108383453), np.float64(0.07533462385003986), np.float64(0.0419836093590465), np.float64(0.14553486135895227), 0, 0]"
2024-12-31,2024-12-31 09:45:00,,LONG,-1,517.7,517.25,2024-12-31 09:38:00,517.75,518.07,518.07,520.66035,516.7748250000001,72.30949313399402,1.27087545869842,5.404967164834851e-05,0.0004221465728670992,0.08699855002417506,0.38394946073617575,0.41337948691018606,47.332811222310845,False,False,"[np.float64(-0.00011587933098988756), np.float64(0.013521083231912912), np.float64(0.00038627189678819285), np.float64(0.038627189678823705), np.float64(0.0), np.float64(0.0), np.float64(0.0), np.float64(0.0), np.float64(7.722156798384283e-05), np.float64(0.007722156798386767), np.float64(0.7230949313399403), np.float64(0.4236251528994733), np.float64(0.38394946073617575), np.float64(0.41337948691018606), np.float64(0.47332811222310844), 0, 0]"
2024-12-31,2024-12-31 12:57:00,2024-12-31 13:00:00,SHORT,-1,517.7,517.25,2024-12-31 12:56:00,517.01,516.94,516.94,514.3553,518.23235,19.652337525607535,1.4082623484606216,-0.00023536842895133248,-0.0008516299747494127,0.08699855002417506,-0.23401658788600344,-0.15586386095539576,37.0348241157143,False,False,"[np.float64(7.728273890017512e-05), np.float64(0.0077282738900196326), np.float64(-0.0001950899152034502), np.float64(0.021444758495310166), np.float64(-0.00013523434179518734), np.float64(0.015457742396730867), np.float64(-0.00027058368766907925), np.float64(0.027065692301741166), np.float64(-0.0003866228494102675), np.float64(0.05609175837990825), np.float64(0.19652337525607536), np.float64(0.4694207828202072), np.float64(-0.23401658788600344), np.float64(-0.15586386095539576), np.float64(0.370348241157143), 0, 0]"
2025-01-02,2025-01-02 10:59:00,,LONG,1,515.49,515.25,2025-01-02 10:00:00,515.76,515.53,515.53,518.1076499999999,514.241175,56.48876157191414,1.572575951577232,0.00013871145785748773,0.00041474896850557386,0.04657933042212695,0.042325774772280056,0.033123073949784546,12.962033887867493,False,False,"[np.float64(-0.0005824111822948508), np.float64(0.05827505827507153), np.float64(-5.8258083309281616e-05), np.float64(0.0058261477511237485), np.float64(0.0), np.float64(0.0), np.float64(0.0), np.float64(0.0), np.float64(0.0), np.float64(0.0), np.float64(0.5648876157191414), np.float64(0.5241919838590773), np.float64(0.042325774772280056), np.float64(0.033123073949784546), np.float64(0.12962033887867494), 0, 0]"
2025-01-02,2025-01-02 09:39:00,,SHORT,-1,515.49,515.25,2025-01-02 09:38:00,515.01,514.67,514.67,512.09665,515.9566749999999,43.696649510538435,2.0712754555198285,-0.00013016355925454803,-0.0009666657773845788,0.04657933042212695,0.2389874939309493,0.42231394201483635,38.21481711767358,False,False,"[np.float64(0.0), np.float64(0.0), np.float64(-5.8247903075403507e-05), np.float64(0.0058251296091285055), 0, 0, 0, 0, 0, 0, np.float64(0.4369664951053844), np.float64(0.6904251518399428), np.float64(0.2389874939309493), np.float64(0.42231394201483635), np.float64(0.38214817117673583), 0, 0]"
2025-01-03,2025-01-03 09:42:00,,LONG,-1,512.91,512.7,2025-01-03 09:40:00,512.97,513.02,513.02,515.5850999999999,511.73745,60.40594159783794,2.9234338747099766,-1.890728743392245e-05,0.00023930152264250992,0.040959625511980235,0.12707709540802625,0.1572286717664965,28.364188589475052,False,True,"[np.float64(1.9501540621691404e-05), np.float64(0.001950154062169138), np.float64(0.00013650546021848342), np.float64(0.01365054602185063), np.float64(0.00011701608971215194), np.float64(0.011701608971222903), np.float64(0.0), np.float64(0.0), np.float64(0.0), np.float64(0.0), np.float64(0.6040594159783794), np.float64(0.9744779582366588), np.float64(0.12707709540802625), np.float64(0.1572286717664965), np.float64(0.28364188589475053), 0, 1]"
2025-01-03,2025-01-03 10:02:00,,SHORT,1,512.91,512.7,2025-01-03 10:01:00,512.5,512.43,512.43,509.86785,513.7110749999999,35.95701479779872,1.4995110290122786,-3.590605415104697e-05,-0.0005653945244237235,0.040959625511980235,-0.01475121248790856,0.05168758310027228,17.993777808026085,False,False,"[np.float64(0.0), np.float64(0.0), np.float64(0.0), np.float64(0.0), np.float64(-9.747538746485152e-05), np.float64(0.009748488984220748), np.float64(0.0), np.float64(0.0), np.float64(0.0), np.float64(0.0), np.float64(0.3595701479779872), np.float64(0.49983700967075956), np.float64(-0.01475121248790856), np.float64(0.05168758310027228), np.float64(0.17993777808026085), 0, 0]"
2025-01-06,2025-01-06 09:53:00,,LONG,1,522.01,521.66,2025-01-06 09:45:00,522.04,522.29,522.29,524.90145,520.984275,70.73501189801885,3.082589080195194,1.8380931009476242e-05,0.00037792685245441326,0.06709350918223034,0.18112119906379576,0.1739836535229502,31.681769849187884,False,False,"[np.float64(3.8312708325216605e-05), np.float64(0.0038312708325316676), np.float64(-3.830610407762336e-05), np.float64(0.003830757149147045), np.float64(-9.575792396809835e-05), np.float64(0.0095767094426268), np.float64(0.0002681632731242889), np.float64(0.026816327312426752), np.float64(0.0), np.float64(0.005745145352193957), np.float64(0.7073501189801885), 1, np.float64(0.18112119906379576), np.float64(0.1739836535229502), np.float64(0.31681769849187885), 0, 0]"
2025-01-06,2025-01-06 19:58:00,2025-01-06 20:24:00,SHORT,-1,522.01,521.66,2025-01-06 13:00:00,518.95,522.49,522.49,519.87755,523.7962249999999,28.544078347279836,1.6969463799712166,5.741769651734785e-06,-0.0009595680131913031,0.06709350918223034,-0.15554834301224219,-0.0703596977456986,27.911770259432476,False,False,"[np.float64(0.0001337894917909921), np.float64(0.03440432729982414), np.float64(-5.733287467024617e-05), np.float64(0.015290227633249984), np.float64(-3.822410794485087e-05), np.float64(0.03631984401583824), np.float64(-0.0002865006402782422), np.float64(0.04588822393453454), np.float64(-0.000955876730136862), np.float64(0.12250210550493575), np.float64(0.28544078347279833), np.float64(0.5656487933237389), np.float64(-0.15554834301224219), np.float64(-0.0703596977456986), np.float64(0.2791177025943248), 0, 0]"
2025-01-07,2025-01-07 10:12:00,,LONG,1,524.86,524.63,2025-01-07 09:39:00,524.99,524.59,524.59,527.21295,523.2785250000001,59.589284971639316,1.5467015022860875,7.473060759810579e-05,0.0005658936155314986,0.0438404208680438,-0.03756018862895871,-0.11667634628255628,18.22725051397315,False,False,"[np.float64(0.0), np.float64(0.0), np.float64(0.0), np.float64(0.0), np.float64(0.0), np.float64(0.0), np.float64(0.0), np.float64(0.0), np.float64(0.00034330180042707603), np.float64(0.03433018004271246), np.float64(0.5958928497163931), np.float64(0.5155671674286958), np.float64(-0.03756018862895871), np.float64(-0.11667634628255628), np.float64(0.1822725051397315), 0, 0]"
2025-01-07,2025-01-07 09:46:00,,SHORT,-1,524.86,524.63,2025-01-07 09:45:00,524.44,524.24,524.24,521.6188,525.5506,30.669339150274595,1.8531889290012034,-0.00012721561635575807,-0.0007321650113116807,0.0438404208680438,-0.07421914056021706,-0.032435861688360934,19.04931167131621,False,False,"[np.float64(0.0), np.float64(0.0), np.float64(-0.00017146123071065666), np.float64(0.017149063470595423), np.float64(9.529073202330096e-05), np.float64(0.009529073202331673), np.float64(-1.9058872858468412e-05), np.float64(0.0019059236106016226), np.float64(-0.00015251167667507115), np.float64(0.0209747540233201), np.float64(0.30669339150274594), np.float64(0.6177296430004011), np.float64(-0.07421914056021706), np.float64(-0.032435861688360934), np.float64(0.1904931167131621), 0, 0]"
2025-01-08,2025-01-08 10:00:00,,LONG,1,516.77,516.61,2025-01-08 09:59:00,516.9,517.17,517.17,519.7558499999999,515.877075,67.0884403723032,4.461702127659574,0.00020113486479478304,0.0007165274112890252,0.03097113877005249,0.028663140181151903,0.0030695312352030336,16.761014859614033,False,False,"[np.float64(-1.9355088452743807e-05), np.float64(0.0019355463079436573), np.float64(0.0), np.float64(0.0), np.float64(-5.807200929142109e-05), np.float64(0.005807538184558281), np.float64(0.0), np.float64(0.0), np.float64(0.0), np.float64(0.0), np.float64(0.6708844037230319), 1, np.float64(0.028663140181151903), np.float64(0.0030695312352030336), np.float64(0.16761014859614032), 0, 0]"
2025-01-08,2025-01-08 10:32:00,,SHORT,1,516.77,516.61,2025-01-08 09:51:00,516.57,517.1,517.1,514.5145,518.39275,58.028776460408544,2.890575585072739,1.5084350527772017e-05,0.00013560825900960083,0.03097113877005249,0.0762137059360839,0.0726923220023545,19.817161742631363,False,False,"[np.float64(0.0), np.float64(0.0), np.float64(0.0), np.float64(0.0), np.float64(0.0), np.float64(0.0), np.float64(0.0), np.float64(0.0), np.float64(0.0), np.float64(0.0), np.float64(0.5802877646040855), np.float64(0.9635251950242463), np.float64(0.0762137059360839), np.float64(0.0726923220023545), np.float64(0.19817161742631362), 0, 0]"
2025-01-10,2025-01-10 10:12:00,,LONG,1,513.71,513.5,2025-01-10 10:02:00,513.83,513.66,513.66,516.2282999999999,512.37585,53.90398667252575,1.2368108448046957,3.114910609669508e-06,0.00023143442279294213,0.04089581304771887,-0.00982755226016252,-0.019531691294656914,11.690746200284627,False,False,"[np.float64(0.0), np.float64(0.0), np.float64(0.0002921926133707675), np.float64(0.029219261337068966), np.float64(0.0), np.float64(0.0), np.float64(0.0), np.float64(0.0), np.float64(-1.947495520759901e-05), np.float64(0.0019475334488852133), np.float64(0.5390398667252575), np.float64(0.41227028160156526), np.float64(-0.00982755226016252), np.float64(-0.019531691294656914), np.float64(0.11690746200284627), 0, 0]"
2025-01-10,2025-01-10 09:49:00,,SHORT,-1,513.71,513.5,2025-01-10 09:44:00,513.35,513.43,513.43,510.8628499999999,514.7135749999999,46.286372908746316,1.2531055900621118,-8.218555941308381e-05,-3.929938343472106e-05,0.04089581304771887,-0.07872173908083369,-0.08848676814567043,17.870712526248287,False,False,"[np.float64(0.0), np.float64(0.0), np.float64(-0.0002919935372098781), np.float64(0.029207882233836545), np.float64(-0.00036998091677364897), np.float64(0.03701178533163356), np.float64(0.0), np.float64(0.0), np.float64(0.0001558239189716204), np.float64(0.015582391897164188), np.float64(0.46286372908746315), np.float64(0.41770186335403725), np.float64(-0.07872173908083369), np.float64(-0.08848676814567043), np.float64(0.17870712526248286), 0, 0]"
2025-01-13,2025-01-13 09:38:00,,LONG,-1,500.1,499.86,2025-01-13 09:36:00,500.46,500.31,500.31,502.81154999999995,499.059225,45.32622607763752,2.386962008790635,4.59717090106615e-06,0.00032945643601212105,0.04801344376425581,-0.32960463034828535,-0.49688108992921176,29.688451930022456,False,False,"[np.float64(0.00014001960274434566), np.float64(0.028007842195812097), np.float64(0.00023991363109288066), np.float64(0.05597984725498275), np.float64(0.0), np.float64(0.0), 0, 0, 0, 0, np.float64(0.4532622607763752), np.float64(0.7956540029302116), np.float64(-0.32960463034828535), np.float64(-0.49688108992921176), np.float64(0.2968845193002246), 0, 0]"
2025-01-13,2025-01-13 16:58:00,2025-01-13 17:11:00,SHORT,-1,500.1,499.86,2025-01-13 14:37:00,499.77,500.64,500.64,498.1368,501.8916,31.29372017511848,1.3905345978547745,0.0003510739926904094,-0.001091670966245073,0.04801344376425581,-0.20113802605885667,-0.025081714779084826,23.380155581919745,True,False,"[np.float64(-0.0004981369677407033), np.float64(0.059807420107256905), np.float64(-0.0005581580783413642), np.float64(0.0817759339409953), np.float64(-0.0007578930573006737), np.float64(0.0877879356461318), np.float64(-0.0004440763212518739), np.float64(0.07037303298985317), np.float64(-0.00023959747623980565), np.float64(0.04194630872483948), np.float64(0.3129372017511848), np.float64(0.46351153261825817), np.float64(-0.20113802605885667), np.float64(-0.025081714779084826), np.float64(0.23380155581919745), 1, 0]"
2025-01-14,2025-01-14 09:41:00,,LONG,-1,509.47,509.24,2025-01-14 09:35:00,509.64,509.5,509.5,512.0474999999999,508.22625000000005,55.441889027727534,2.6560799129154127,-7.477360377949882e-05,6.645706643837457e-05,0.045165344434847654,0.08204835921424092,0.08832667372480471,16.071750398901138,False,True,"[np.float64(-5.8865081233760996e-05), np.float64(0.011774402449076155), np.float64(0.0), np.float64(0.0), np.float64(-3.925031890894548e-05), np.float64(0.005887778933532777), np.float64(0.0), np.float64(0.0), 0, 0, np.float64(0.5544188902772753), np.float64(0.8853599709718042), np.float64(0.08204835921424092), np.float64(0.08832667372480471), np.float64(0.16071750398901138), 0, 1]"
2025-01-14,2025-01-14 10:00:00,,SHORT,1,509.47,509.24,2025-01-14 09:55:00,509.2,509.12,509.12,506.5744,510.39279999999997,39.87190738151791,1.6949860724233983,-0.00018086765809377514,-0.00047275821002346063,0.045165344434847654,-0.0030509152443869425,0.04657211962685719,15.048638594211358,False,False,"[np.float64(0.0), np.float64(0.0), np.float64(-0.00027475762452411345), np.float64(0.029446407538287027), np.float64(0.00017669925786312213), np.float64(0.017669925786317948), np.float64(5.8914789575981175e-05), np.float64(0.007855459544387365), np.float64(9.817396426470282e-05), np.float64(0.009817396426469931), np.float64(0.39871907381517907), np.float64(0.564995357474466), np.float64(-0.0030509152443869425), np.float64(0.04657211962685719), np.float64(0.15048638594211358), 0, 0]"
2025-01-15,2025-01-15 09:47:00,,LONG,-1,505.91,505.83,2025-01-15 09:39:00,506.04,506.25,506.25,508.78124999999994,504.984375,66.2291592800764,1.6067939275514806,7.58576057917626e-05,0.0002314037336892394,0.015815590218065542,0.14264008089719482,0.10249776365004126,29.00582877116633,False,False,"[np.float64(0.0), np.float64(0.0), np.float64(0.0), np.float64(0.0), np.float64(0.00019755037534574527), np.float64(0.01975503753457581), np.float64(0.0), np.float64(0.0), np.float64(-0.0003159932061460591), np.float64(0.03160930894147698), np.float64(0.662291592800764), np.float64(0.5355979758504935), np.float64(0.14264008089719482), np.float64(0.10249776365004126), np.float64(0.2900582877116633), 0, 0]"
2025-01-15,2025-01-15 10:17:00,,SHORT,-1,505.91,505.83,2025-01-15 10:16:00,505.7,505.56,505.56,503.0322,506.8239,33.58026711146313,1.771764705882353,-9.948373282742118e-05,-0.000639548843338611,0.015815590218065542,-0.03405284093423688,0.029590890960942497,18.71672589898106,False,False,"[np.float64(0.0), np.float64(0.0), np.float64(0.0), np.float64(0.0), np.float64(0.0), np.float64(0.0), np.float64(0.0), np.float64(0.0), np.float64(-0.00011862161681264194), np.float64(0.021752026893417764), np.float64(0.3358026711146313), np.float64(0.5905882352941176), np.float64(-0.03405284093423688), np.float64(0.029590890960942497), np.float64(0.1871672589898106), 0, 0]"
2025-01-16,2025-01-16 10:32:00,,LONG,-1,518.98,518.39,2025-01-16 10:24:00,519.07,519.17,519.17,521.7658499999999,517.872075,67.65256590568876,1.5986019131714495,3.85231755406501e-06,0.0003643081789852509,0.11381392387971061,0.20451051789927988,0.1318465136093247,23.761753123670925,False,False,"[np.float64(0.0), np.float64(0.0), np.float64(-3.853267570896879e-05), np.float64(0.007707129094405321), np.float64(0.0), np.float64(0.0), np.float64(0.0), np.float64(0.0), np.float64(0.0), np.float64(0.0), np.float64(0.6765256590568876), np.float64(0.5328673043904831), np.float64(0.20451051789927988), np.float64(0.1318465136093247), np.float64(0.23761753123670926), 0, 0]"
2025-01-16,2025-01-16 09:42:00,,SHORT,-1,518.98,518.39,2025-01-16 09:35:00,518.3,518.1,518.1,515.5095,519.39525,35.65692368546628,1.6441717791411044,-3.0302112057012387e-05,-0.0004529367796809458,0.11381392387971061,-0.19515860911781147,-0.11783624737129497,24.35308731340633,False,False,"[np.float64(0.0004245465071399668), np.float64(0.044385264092302916), np.float64(0.00013500482160089256), np.float64(0.013500482160086794), np.float64(-0.00011570502931179671), np.float64(0.01157184185148417), np.float64(-0.00015434480629739067), np.float64(0.04053193337322892), np.float64(0.0), np.float64(0.0), np.float64(0.3565692368546628), np.float64(0.5480572597137015), np.float64(-0.19515860911781147), np.float64(-0.11783624737129497), np.float64(0.2435308731340633), 0, 0]"
2025-01-17,2025-01-17 11:30:00,,LONG,-1,515.78,515.51,2025-01-17 10:20:00,515.86,515.92,515.92,518.4995999999999,514.6302,63.420448498055634,8.115956425283931,8.063915837519531e-05,0.0003133763810678758,0.05237531764659887,0.0754688163906394,0.05740250281360047,9.605323066287442,False,False,"[np.float64(7.754943776672185e-05), np.float64(0.00969367972083525), np.float64(0.0), np.float64(0.0), np.float64(0.0), np.float64(0.0), np.float64(-0.00011633543383415823), np.float64(0.011634896934194075), np.float64(0.0), np.float64(0.0), np.float64(0.6342044849805564), 1, np.float64(0.0754688163906394), np.float64(0.05740250281360047), np.float64(0.09605323066287441), 0, 0]"
2025-01-17,2025-01-17 10:03:00,,SHORT,-1,515.78,515.51,2025-01-17 09:46:00,515.5,515.46,515.46,512.8827,516.74865,48.12897165794001,1.3059444571953178,-9.427582779408805e-05,-0.0002431208360371695,0.05237531764659887,0.0823249041706049,0.14217261439867346,24.12566454796387,False,False,"[np.float64(3.8789007195338954e-05), np.float64(0.00581846392551837), np.float64(0.0), np.float64(0.0), np.float64(0.0), np.float64(0.0), np.float64(-5.8184639255220993e-05), np.float64(0.0058188024904421735), np.float64(0.0), np.float64(0.0), np.float64(0.4812897165794001), np.float64(0.43531481906510594), np.float64(0.0823249041706049), np.float64(0.14217261439867346), np.float64(0.24125664547963868), 0, 0]"
2025-01-21,2025-01-21 10:02:00,,LONG,-1,524.16,523.69,2025-01-21 09:59:00,524.43,524.72,524.72,527.3435999999999,523.4082000000001,75.9440975942785,1.4710808946694256,2.782513768684325e-05,0.0007446217822544288,0.0897477515323786,0.24083549059241705,0.18914350039779654,30.866601390295447,False,False,"[np.float64(0.0), np.float64(0.007633879155686022), np.float64(0.0), np.float64(0.0), np.float64(0.0003624294216388879), np.float64(0.03624294216388312), np.float64(-9.532524975208734e-05), np.float64(0.009533433752160184), np.float64(0.00017158544955386823), np.float64(0.017158544955393852), np.float64(0.759440975942785), np.float64(0.49036029822314187), np.float64(0.24083549059241705), np.float64(0.18914350039779654), np.float64(0.30866601390295445), 0, 0]"
2025-01-21,2025-01-21 11:24:00,,SHORT,1,524.16,523.69,2025-01-21 11:22:00,523.67,523.87,523.87,521.25065,525.179675,39.90810151107665,1.2020434739056396,-8.837289467800158e-05,-0.0001320074901056678,0.0897477515323786,-0.12405172944158949,-0.08756272851776588,22.225509287153393,False,False,"[np.float64(-0.00017168364427155858), np.float64(0.020987960542636783), np.float64(-0.00019080328181653172), np.float64(0.019083969465653196), np.float64(-0.0004389899414042331), np.float64(0.04391827382087158), np.float64(-0.0002481863306605936), np.float64(0.02482479424064687), np.float64(0.0), np.float64(0.0), np.float64(0.3990810151107665), np.float64(0.40068115796854653), np.float64(-0.12405172944158949), np.float64(-0.08756272851776588), np.float64(0.22225509287153394), 0, 0]"
2025-01-22,2025-01-22 12:30:00,2025-01-22 13:00:00,LONG,-1,529.37,529.12,2025-01-22 12:14:00,529.4,529.24,529.24,531.8861999999999,527.9169,55.06034046439357,2.113944782405241,0.00011470592292628368,9.745892285217828e-05,0.047248261263985486,0.03306551032630978,0.04342391160869296,16.659657495384106,False,False,"[np.float64(-5.6695770495496234e-05), np.float64(0.009450009450000855), np.float64(5.6695770495496234e-05), np.float64(0.013040988393512766), np.float64(-7.55886465851896e-05), np.float64(0.009449295082599729), np.float64(-5.66882711968697e-05), np.float64(0.005669148493912544), np.float64(0.0), np.float64(0.0), np.float64(0.5506034046439356), np.float64(0.704648260801747), np.float64(0.03306551032630978), np.float64(0.04342391160869296), np.float64(0.16659657495384106), 0, 0]"
2025-01-22,2025-01-22 09:39:00,,SHORT,1,529.37,529.12,2025-01-22 09:35:00,529.02,528.9,528.9,526.2555,530.2222499999999,50.99740513186072,2.1229997787773764,-2.5713084329859193e-05,-0.0002650955149741119,0.047248261263985486,0.14060313541006053,0.19000304868318899,31.548388081779855,False,False,"[np.float64(-0.00013230263282248966), np.float64(0.013232013912526942), np.float64(0.0), np.float64(0.0), 0, 0, 0, 0, 0, 0, np.float64(0.5099740513186072), np.float64(0.7076665929257921), np.float64(0.14060313541006053), np.float64(0.19000304868318899), np.float64(0.31548388081779855), 0, 0]"
2025-01-23,2025-01-23 09:46:00,,LONG,1,528.81,528.46,2025-01-23 09:36:00,528.87,529.03,529.03,531.6751499999999,527.7074250000001,60.285297968359714,1.7628915662650602,2.3061605866514512e-05,0.00027718025490330866,0.06623017825377683,0.031085286202824136,-0.034336049235918584,21.535864608860134,False,False,"[np.float64(-7.564296520412572e-05), np.float64(0.007564868749520316), np.float64(0.0), np.float64(0.0), np.float64(-5.671720800104474e-05), np.float64(0.005672042502521488), np.float64(0.0), np.float64(0.0), np.float64(0.0), np.float64(0.0), np.float64(0.6028529796835972), np.float64(0.5876305220883534), np.float64(0.031085286202824136), np.float64(-0.034336049235918584), np.float64(0.21535864608860134), 0, 0]"
2025-01-23,2025-01-23 14:42:00,,SHORT,1,528.81,528.46,2025-01-23 14:32:00,528.45,529.29,529.29,526.64355,530.6132249999999,54.49944956533886,1.7555533159560774,-0.0029651656610421018,6.191347226569555e-05,0.06623017825377683,0.09641347290619251,0.05046256736386688,13.594793320551345,False,False,"[np.float64(-0.00048185941043088487), np.float64(0.07373376439228255), np.float64(0.00039705048213289906), np.float64(0.0803645715150054), np.float64(0.000812731533983424), np.float64(0.08127315339834239), np.float64(1.8130311614683592e-05), np.float64(0.0321270728666819), np.float64(-0.0003021775670928317), np.float64(0.04911962517947383), np.float64(0.5449944956533885), np.float64(0.5851844386520259), np.float64(0.09641347290619251), np.float64(0.05046256736386688), np.float64(0.13594793320551346), 0, 0]"
2025-01-24,2025-01-24 12:16:00,,LONG,1,532.45,532.27,2025-01-24 12:06:00,532.49,532.5,532.5,535.1624999999999,531.16875,65.33854109798142,5.664898399568423,1.7652893778752343e-05,0.00019397617370442433,0.033817423488091324,0.1198647383852176,0.1020431266082508,17.85700232213231,False,False,"[np.float64(0.0), np.float64(0.0), np.float64(-5.635813717563831e-05), np.float64(0.0056361313594297585), np.float64(0.0), np.float64(0.0), np.float64(0.0), np.float64(0.0), np.float64(1.8779695393433826e-05), np.float64(0.001877969539332364), np.float64(0.6533854109798142), 1, np.float64(0.1198647383852176), np.float64(0.1020431266082508), np.float64(0.1785700232213231), 0, 0]"
2025-01-24,2025-01-24 09:40:00,,SHORT,1,532.45,532.27,2025-01-24 09:37:00,532.24,532.06,532.06,529.3996999999999,533.39015,42.95511855529685,2.128371315074221,-3.326581813167806e-05,-0.0003385461766686193,0.033817423488091324,0.047987874172235934,0.08582598559320495,17.431136327347808,False,False,"[np.float64(0.0), np.float64(0.0), np.float64(0.0), np.float64(0.0), 0, 0, 0, 0, 0, 0, np.float64(0.4295511855529685), np.float64(0.7094571050247404), np.float64(0.047987874172235934), np.float64(0.08582598559320495), np.float64(0.17431136327347807), 0, 0]"
2025-01-27,2025-01-27 09:48:00,2025-01-27 10:02:00,LONG,-1,513.2,512.4,2025-01-27 09:37:00,513.36,512.55,512.55,515.1127499999999,511.268625,32.882209756658995,1.4800623832720412,0.0001293699682545224,-0.0005182902378966237,0.1561280249804973,-0.5609632090245213,-0.6578970908391928,40.34995319546548,False,False,"[np.float64(-0.0003895825622846072), np.float64(0.03897343960092084), np.float64(-0.0003702260327358431), np.float64(0.044833434046123506), np.float64(-0.0005458089668615163), np.float64(0.06826337962241041), np.float64(-0.00039003841878415546), np.float64(0.054627750897472765), np.float64(-0.0003706738460338421), np.float64(0.03903276800875222), np.float64(0.3288220975665899), np.float64(0.49335412775734705), np.float64(-0.5609632090245213), np.float64(-0.6578970908391928), np.float64(0.4034995319546548), 0, 0]"
2025-01-27,2025-01-27 09:49:00,2025-01-27 10:19:00,SHORT,1,513.2,512.4,2025-01-27 09:47:00,512.39,512.07,512.07,509.50965,513.350175,28.109843249753524,1.7825095057034221,-0.0001905626205170874,-0.0011637775863106992,0.1561280249804973,-0.5849714041446532,-0.6433119535002849,40.815091387932206,False,False,"[np.float64(-0.0003702260327358431), np.float64(0.044833434046123506), np.float64(-0.0005458089668615163), np.float64(0.06826337962241041), np.float64(-0.00039003841878415546), np.float64(0.054627750897472765), np.float64(-0.0003706738460338421), np.float64(0.03903276800875222), np.float64(0.0003903581536057743), np.float64(0.04879667401869888), np.float64(0.28109843249753524), np.float64(0.5941698352344741), np.float64(-0.5849714041446532), np.float64(-0.6433119535002849), np.float64(0.40815091387932206), 0, 0]"
2025-01-28,2025-01-28 09:40:00,,LONG,1,516.63,516.27,2025-01-28 09:35:00,516.65,516.79,516.79,519.3739499999999,515.498025,52.283020464152,1.7990707593876152,2.7478066890740394e-05,4.918524561370319e-05,0.0697309547329912,0.04791969483028424,0.061483726584425566,17.187591687984124,False,False,"[np.float64(9.678668215240549e-05), np.float64(0.009678668215244778), np.float64(-5.807200929142109e-05), np.float64(0.0077435341490005635), np.float64(7.740387406385274e-05), np.float64(0.015480774812787299), np.float64(-5.8027079303579754e-05), np.float64(0.013540699473834789), np.float64(-1.9346476039405758e-05), np.float64(0.001934685033274823), np.float64(0.5228302046415201), np.float64(0.5996902531292051), np.float64(0.04791969483028424), np.float64(0.061483726584425566), np.float64(0.17187591687984125), 0, 0]"
2025-01-28,2025-01-28 11:35:00,,SHORT,1,516.63,516.27,2025-01-28 11:33:00,516.22,515.94,515.94,513.3603,517.22985,18.68086764374833,1.6215800326224108,-0.00014573214122370892,-0.0010451885366810076,0.0697309547329912,-0.33287083636923853,-0.2363619952119118,39.69286144811201,False,False,"[np.float64(0.0002322161157983782), np.float64(0.023221611579844523), np.float64(-0.00017412165299490745), np.float64(0.023220263549992175), np.float64(-0.0006192070279996686), np.float64(0.06195906829049825), np.float64(-0.0005807987919383972), np.float64(0.06005191584982089), np.float64(-1.9371961023639805e-05), np.float64(0.02906638762936305), np.float64(0.18680867643748328), np.float64(0.5405266775408036), np.float64(-0.33287083636923853), np.float64(-0.2363619952119118), np.float64(0.3969286144811201), 0, 0]"
2025-01-29,2025-01-29 09:45:00,,LONG,-1,523.66,523.42,2025-01-29 09:41:00,523.85,523.82,523.82,526.4390999999999,522.5104500000001,58.96251396269939,1.8807435987372851,9.947154073386422e-05,0.00024973828307817136,0.045852279240382314,0.0859621707830911,0.10792784013720537,17.236862150222972,False,False,"[np.float64(0.0002674716289021717), np.float64(0.026747162890219396), np.float64(-0.00013370260720069194), np.float64(0.015282633197686064), np.float64(1.9098548510232405e-05), np.float64(0.0019098548510295844), np.float64(0.00017188037126159017), np.float64(0.043924983766857294), np.float64(0.0), np.float64(0.0), np.float64(0.5896251396269939), np.float64(0.6269145329124284), np.float64(0.0859621707830911), np.float64(0.10792784013720537), np.float64(0.17236862150222973), 0, 0]"
2025-01-29,2025-01-29 13:11:00,,SHORT,1,523.66,523.42,2025-01-29 13:00:00,522.07,522.54,522.54,519.9273,523.8463499999999,16.67645801323998,1.723633482163266,-1.626643268526351e-05,-0.0008334877416028563,0.045852279240382314,-0.29732183398698453,-0.2060705035162921,53.542782672651825,False,False,"[np.float64(-0.0001991019394286253), np.float64(0.019914158890523656), np.float64(-0.0002675789835820952), np.float64(0.0343957259821354), np.float64(-0.00045768252815114874), np.float64(0.04590402233995927), np.float64(-0.0001530134077999401), np.float64(0.028505780551405277), np.float64(-0.0003834308165544531), np.float64(0.042089152477504034), np.float64(0.1667645801323998), np.float64(0.574544494054422), np.float64(-0.29732183398698453), np.float64(-0.2060705035162921), np.float64(0.5354278267265182), 0, 0]"
2025-01-30,2025-01-30 11:54:00,2025-01-30 12:17:00,LONG,-1,524.16,523.77,2025-01-30 11:36:00,524.2,523.57,523.57,526.18785,522.2610750000001,39.65052799880408,2.6008258385655294,6.895446503096814e-05,-0.0001800944509525726,0.07446016381235779,-0.07232528605084099,-0.02130729978555665,25.752880941025186,False,False,"[np.float64(0.0), np.float64(0.0), np.float64(-0.00019092714220259044), np.float64(0.01909636023374379), np.float64(-0.00021007199740274984), np.float64(0.021011613691934147), np.float64(0.0), np.float64(0.017191648679114407), np.float64(3.8200015280098754e-05), np.float64(0.0038200015280188513), np.float64(0.3965052799880408), np.float64(0.8669419461885098), np.float64(-0.07232528605084099), np.float64(-0.02130729978555665), np.float64(0.25752880941025186), 0, 0]"
2025-01-30,2025-01-30 09:39:00,,SHORT,1,524.16,523.77,2025-01-30 09:37:00,523.63,523.58,523.58,520.9621000000001,524.88895,40.5149862846254,1.7154203796977914,-8.231111270684544e-05,-0.00044625417841892556,0.07446016381235779,0.008350449946306071,0.14109494684430798,27.91492929777412,False,False,"[np.float64(0.0), np.float64(0.0), np.float64(0.0), np.float64(0.0), np.float64(-5.7287986709120275e-05), np.float64(0.007638981723729279), np.float64(5.728689275907861e-05), np.float64(0.007638252367872997), 0, 0, np.float64(0.405149862846254), np.float64(0.5718067932325971), np.float64(0.008350449946306071), np.float64(0.14109494684430798), np.float64(0.2791492929777412), 0, 0]"
2025-01-31,2025-01-31 11:30:00,,LONG,1,527.52,527.43,2025-01-31 11:17:00,527.65,527.54,527.54,530.1777,526.22115,57.24765520168098,2.391426169795461,2.7676392454267784e-05,3.959914258921948e-05,0.017063875774990394,0.08847045514369256,0.09748999278100054,21.313655371522856,False,False,"[np.float64(0.0), np.float64(0.0), np.float64(0.0), np.float64(0.0), np.float64(0.0), np.float64(0.0), np.float64(-1.895878360447245e-05), np.float64(0.007584088582169298), np.float64(0.0), np.float64(0.0), np.float64(0.5724765520168098), np.float64(0.7971420565984869), np.float64(0.08847045514369256), np.float64(0.09748999278100054), np.float64(0.21313655371522855), 0, 0]"
2025-01-31,2025-01-31 09:40:00,,SHORT,1,527.52,527.43,2025-01-31 09:39:00,527.34,527.28,527.28,524.6436,528.5981999999999,63.892460399459885,1.7119507535555083,-2.6361010434627907e-05,-0.0001493083550835328,0.017063875774990394,0.27349000138065094,0.32918637491702085,49.4207407976343,False,False,"[np.float64(0.0), np.float64(0.001895986197240315), np.float64(0.0), np.float64(0.0), np.float64(9.481548905809767e-05), np.float64(0.009481548905820631), 0, 0, 0, 0, np.float64(0.6389246039945988), np.float64(0.5706502511851694), np.float64(0.27349000138065094), np.float64(0.32918637491702085), np.float64(0.494207407976343), 0, 0]"
2025-02-03,2025-02-03 10:38:00,,LONG,1,513.84,513.26,2025-02-03 10:32:00,514.11,514.03,514.03,516.6001499999999,512.744925,65.3311172888425,2.160771071697866,1.3423521238564717e-05,0.000251703151008531,0.1130031562950631,0.25979785417962376,0.20699625001965918,23.133378315565277,False,False,"[np.float64(-0.00021399529210364143), np.float64(0.029187422166891918), np.float64(0.00017512794069007853), np.float64(0.02919139826797261), np.float64(0.0), np.float64(0.011672697560417711), np.float64(0.00019455252918287869), np.float64(0.01945525291829236), np.float64(-7.78058743436949e-05), np.float64(0.01556329397117696), np.float64(0.6533111728884251), np.float64(0.7202570238992886), np.float64(0.25979785417962376), np.float64(0.20699625001965918), np.float64(0.23133378315565278), 0, 0]"
2025-02-03,2025-02-03 09:50:00,,SHORT,-1,513.84,513.26,2025-02-03 09:39:00,513.11,512.85,512.85,510.28575,514.132125,39.84260506305632,1.3001293661060802,-3.412187358320384e-05,-0.0002946757853755644,0.1130031562950631,-0.2645122722500446,-0.2882789764889082,29.26044504413407,False,False,"[np.float64(-5.849663644330594e-05), np.float64(0.005850005850000528), np.float64(0.00029246037161967386), np.float64(0.03509524459436988), np.float64(-0.00023396373562101225), np.float64(0.023401848746051824), np.float64(0.0004485354342993464), np.float64(0.044853543429934514), np.float64(-7.796663028214468e-05), np.float64(0.0077972709551586), np.float64(0.3984260506305632), np.float64(0.4333764553686934), np.float64(-0.2645122722500446), np.float64(-0.2882789764889082), np.float64(0.2926044504413407), 0, 0]"
2025-02-04,2025-02-04 10:30:00,,LONG,1,517.81,517.5,2025-02-04 10:15:00,517.84,517.89,517.89,520.4794499999999,516.595275,57.771946489781534,2.6291693917593197,1.4675146326803556e-05,6.582897968132606e-05,0.05990338164250153,0.11115430140353055,0.09734658011608055,22.058790896495598,False,False,"[np.float64(0.0), np.float64(0.0), np.float64(0.0), np.float64(0.0), np.float64(0.0), np.float64(0.0), np.float64(0.0), np.float64(0.0), np.float64(-9.653627833350331e-05), np.float64(0.009654559848629674), np.float64(0.5777194648978153), np.float64(0.8763897972531066), np.float64(0.11115430140353055), np.float64(0.09734658011608055), np.float64(0.22058790896495598), 0, 0]"
2025-02-04,2025-02-04 09:40:00,,SHORT,-1,517.81,517.5,2025-02-04 09:37:00,517.4,517.26,517.26,514.6736999999999,518.55315,34.64545157303567,2.3233982633184698,-0.00013357068063646338,-0.0003961812499101436,0.05990338164250153,-0.24975643282164128,-0.3041482613227168,37.666915038355846,False,False,"[np.float64(0.0), np.float64(0.0), np.float64(5.796429399507197e-05), np.float64(0.01932180465655932), np.float64(-0.00011595099138106413), np.float64(0.011596443757259205), np.float64(1.9325912183010274e-05), np.float64(0.0038651824366074923), np.float64(-9.66071566580462e-05), np.float64(0.01159420289854018), np.float64(0.34645451573035674), np.float64(0.7744660877728232), np.float64(-0.24975643282164128), np.float64(-0.3041482613227168), np.float64(0.37666915038355847), 0, 0]"
2025-02-05,2025-02-05 10:23:00,,LONG,1,519.72,519.39,2025-02-05 10:10:00,519.87,519.78,519.78,522.3788999999999,518.48055,58.67456145471487,1.404113396331295,-1.7314987911243307e-06,8.474067697883392e-05,0.06353607116040759,0.08572248717632647,0.04810173842764962,19.013524636255948,False,False,"[np.float64(0.0), np.float64(0.0), np.float64(-0.0002115872893745374), np.float64(0.021163206803011647), np.float64(0.0), np.float64(0.0), np.float64(0.0), np.float64(0.0), np.float64(0.0), np.float64(0.0), np.float64(0.5867456145471487), np.float64(0.46803779877709834), np.float64(0.08572248717632647), np.float64(0.04810173842764962), np.float64(0.1901352463625595), 0, 0]"
2025-02-05,2025-02-05 09:47:00,,SHORT,-1,519.72,519.39,2025-02-05 09:42:00,519.12,519.29,519.29,516.69355,520.588225,36.19917306185638,1.670733529206713,-0.0001442145974825948,-0.00015976709303600067,0.06353607116040759,-0.3282691883780444,-0.3546394884660129,38.86878880640016,False,True,"[np.float64(0.0), np.float64(0.0), np.float64(-0.0005005872273243783), np.float64(0.05201109570041258), np.float64(5.779121958737754e-05), np.float64(0.040461648137807824), np.float64(0.0004623386630706605), np.float64(0.04623386630707168), np.float64(-0.00011553792532392748), np.float64(0.011555127587856606), np.float64(0.36199173061856377), np.float64(0.5569111764022376), np.float64(-0.3282691883780444), np.float64(-0.3546394884660129), np.float64(0.3886878880640016), 0, 1]"
2025-02-06,2025-02-06 14:00:00,,LONG,-1,528.17,528.06,2025-02-06 13:00:00,528.51,527.34,527.34,529.9766999999999,526.02165,64.16863044602286,2.2194767812109943,4.342737984419642e-05,0.0003972638204803314,0.020830966178088408,0.07573713497981771,0.013323067428119973,21.757786213356887,False,False,"[np.float64(0.00013262244666201184), np.float64(0.026543462500768215), np.float64(0.00011382175513152681), np.float64(0.013279204765346973), np.float64(-9.483886876204828e-05), np.float64(0.020866530085745058), np.float64(-3.79377062862396e-05), np.float64(0.005690979797016545), np.float64(0.00017071967828830026), np.float64(0.03604629102635949), np.float64(0.6416863044602286), np.float64(0.7398255937369981), np.float64(0.07573713497981771), np.float64(0.013323067428119973), np.float64(0.21757786213356886), 0, 0]"
2025-02-06,2025-02-06 09:43:00,,SHORT,1,528.17,528.06,2025-02-06 09:42:00,527.91,527.82,527.82,525.1809000000001,529.13955,37.25963375852995,1.4551966571599124,-4.433133008752144e-05,-0.00040489716637859274,0.020830966178088408,-0.008980379480590273,0.042517787255856136,21.13077348330313,False,False,"[np.float64(1.8934014957894263e-05), np.float64(0.0037868029915709197), np.float64(-7.573319196463313e-05), np.float64(0.007573892791540647), np.float64(0.0), np.float64(0.0), np.float64(0.0), np.float64(0.0), np.float64(-5.6822486552143836e-05), np.float64(0.009471311397789058), np.float64(0.37259633758529953), np.float64(0.48506555238663746), np.float64(-0.008980379480590273), np.float64(0.042517787255856136), np.float64(0.2113077348330313), 0, 0]"
2025-02-07,2025-02-07 09:51:00,,LONG,-1,529.27,529.14,2025-02-07 09:36:00,529.31,529.58,529.58,532.2279,528.2560500000001,63.76679187532335,1.7164344171643442,4.2488303914289816e-05,0.0002461308712626842,0.024568167214724924,0.08120217698490251,0.0575360643766184,16.71142638229683,False,False,"[np.float64(0.0), np.float64(0.0), np.float64(0.0), np.float64(0.0), np.float64(0.0), np.float64(0.0), np.float64(0.0), np.float64(0.0), np.float64(0.0), np.float64(0.0), np.float64(0.6376679187532335), np.float64(0.5721448057214481), np.float64(0.08120217698490251), np.float64(0.0575360643766184), np.float64(0.1671142638229683), 0, 0]"
2025-02-07,2025-02-07 11:28:00,,SHORT,-1,529.27,529.14,2025-02-07 11:23:00,529.02,529.27,529.27,526.62365,530.593175,46.85225929683547,1.8899849950515595,-0.00011863991802518736,4.052195068848796e-05,0.024568167214724924,-0.055040098189465425,-0.05246519588959827,13.110877670571359,False,False,"[np.float64(0.0), np.float64(0.0), np.float64(-0.0003401360544218468), np.float64(0.03402517863219985), np.float64(0.0), np.float64(0.0018897161646518374), np.float64(0.0), np.float64(0.0037791466686787744), np.float64(3.778861051273452e-05), np.float64(0.0075578649031579825), np.float64(0.4685225929683547), np.float64(0.6299949983505199), np.float64(-0.055040098189465425), np.float64(-0.05246519588959827), np.float64(0.13110877670571358), 0, 0]"
2025-02-10,2025-02-10 10:16:00,,LONG,1,526.05,525.91,2025-02-10 10:04:00,526.09,526.07,526.07,528.70035,524.7548250000001,59.423578081820544,1.690875232774674,8.269545355599206e-05,0.00010696584436353795,0.02662052442432857,0.07567801288871578,0.0810990542500651,25.736923398112026,False,False,"[np.float64(0.0), np.float64(0.0), np.float64(-5.702879954372353e-05), np.float64(0.005703205201317957), np.float64(0.0), np.float64(0.0), np.float64(7.604707313824122e-05), np.float64(0.007604707313820342), np.float64(-9.504799923953922e-05), np.float64(0.009505703422044586), np.float64(0.5942357808182055), np.float64(0.563625077591558), np.float64(0.07567801288871578), np.float64(0.0810990542500651), np.float64(0.25736923398112027), 0, 0]"
2025-02-10,2025-02-10 09:39:00,,SHORT,-1,526.05,525.91,2025-02-10 09:35:00,525.86,525.9,525.9,523.2705,527.21475,61.62014150486339,2.06961601655206,-7.472345192693908e-05,-6.237331365244181e-05,0.02662052442432857,0.21201071853602116,0.31100039624697984,47.24413682122974,False,False,"[np.float64(-0.00036118239711047107), np.float64(0.03613128969686625), np.float64(0.0), np.float64(0.0), np.float64(0.00015214331900637035), np.float64(0.015214331900636573), 0, 0, 0, 0, np.float64(0.6162014150486339), np.float64(0.6898720055173534), np.float64(0.21201071853602116), np.float64(0.31100039624697984), np.float64(0.4724413682122974), 0, 0]"
2025-02-11,2025-02-11 10:19:00,,LONG,-1,527.2,526.92,2025-02-11 10:18:00,527.28,527.27,527.27,529.90635,525.951825,57.319733580909904,2.0188720649550143,-2.389610429021083e-05,0.00024390552303965585,0.053138996432112354,-0.01067548208743574,-0.05894003437269678,19.937611491629447,False,False,"[np.float64(1.8971372199416692e-05), np.float64(0.013281220354428342), np.float64(-1.897137219930567e-05), np.float64(0.0018971732119125223), np.float64(-1.8969572805227486e-05), np.float64(0.009484966328382475), np.float64(-9.484426571559901e-05), np.float64(0.011382391440452852), np.float64(5.689900426730787e-05), np.float64(0.005689900426737357), np.float64(0.573197335809099), np.float64(0.6729573549850048), np.float64(-0.01067548208743574), np.float64(-0.05894003437269678), np.float64(0.19937611491629448), 0, 0]"
2025-02-11,2025-02-11 10:07:00,,SHORT,1,527.2,526.92,2025-02-11 09:35:00,526.91,526.9,526.9,524.2655,528.2172499999999,34.533131157163965,1.2348087021755438,-3.9664397445626776e-05,-0.00026300370447496224,0.053138996432112354,-0.0987667623218158,-0.11439082105681288,25.40024369908439,False,False,"[np.float64(0.0), np.float64(0.0), np.float64(0.0), np.float64(0.0), np.float64(0.0), np.float64(0.0), np.float64(-1.8971732119177354e-05), np.float64(0.0018972092052573382), np.float64(-1.8972451999665907e-05), np.float64(0.0018972811960443405), np.float64(0.34533131157163965), np.float64(0.4116029007251813), np.float64(-0.0987667623218158), np.float64(-0.11439082105681288), np.float64(0.2540024369908439), 0, 0]"
2025-02-12,2025-02-12 09:39:00,,LONG,1,527.37,527.18,2025-02-12 09:36:00,527.45,527.49,527.49,530.12745,526.171275,52.011331479561726,1.5535314103954312,3.5452165833449456e-05,0.00022232387106901896,0.03604082097197439,-0.0844441916527785,-0.1674591219675629,31.273537022992034,False,False,"[np.float64(0.0), np.float64(0.0), np.float64(0.00030343833564083766), np.float64(0.03034383356408843), np.float64(0.0), np.float64(0.0), 0, 0, 0, 0, np.float64(0.5201133147956173), np.float64(0.5178438034651437), np.float64(-0.0844441916527785), np.float64(-0.1674591219675629), np.float64(0.3127353702299203), 0, 0]"
2025-02-12,2025-02-12 15:25:00,2025-02-12 15:38:00,SHORT,-1,527.37,527.18,2025-02-12 13:00:00,527.163,526.17,526.17,523.53915,527.485425,70.00247972790254,1.2611806390498053,-0.000405028123997897,0.0012007997634657652,0.03604082097197439,0.4897812971495341,0.24820015561298586,35.97706641650674,False,True,"[np.float64(5.217358188791543e-05), np.float64(0.0570557662983729), np.float64(0.0007608530083775822), np.float64(0.09710586443259536), np.float64(0.0006183291794294998), np.float64(0.08563709355201209), np.float64(-0.00017113194272766474), np.float64(0.07421220885979342), np.float64(0.0009318778289146845), np.float64(0.1787683998326311), np.float64(0.7000247972790254), np.float64(0.4203935463499351), np.float64(0.4897812971495341), np.float64(0.24820015561298586), np.float64(0.35977066416506737), 0, 1]"
2025-02-13,2025-02-13 09:38:00,,LONG,-1,529.07,528.9,2025-02-13 09:37:00,529.12,529.21,529.21,531.85605,527.8869750000001,60.367629692732436,1.5227692554814876,3.5903860798880416e-05,0.0003052625678425791,0.0321421818869489,0.07023246082303558,0.02410066520843689,14.207037476385524,False,False,"[np.float64(0.0), np.float64(0.0), np.float64(-5.669898508808835e-05), np.float64(0.007560293339374691), 0, 0, 0, 0, 0, 0, np.float64(0.6036762969273244), np.float64(0.5075897518271625), np.float64(0.07023246082303558), np.float64(0.02410066520843689), np.float64(0.14207037476385526), 0, 0]"
2025-02-13,2025-02-13 10:13:00,,SHORT,-1,529.07,528.9,2025-02-13 10:06:00,528.61,529.02,529.02,526.3749,530.34255,49.67662714190304,1.457061457061457,-0.00015875895854133848,4.340740249109132e-05,0.0321421818869489,-0.02055837503780822,-0.00908930340720988,13.194987889628075,False,False,"[np.float64(-3.7807183364768626e-05), np.float64(0.0037808612801961904), np.float64(-0.000737240075614376), np.float64(0.07377839995459533), np.float64(-3.7814331631635945e-05), np.float64(0.003781576160940442), np.float64(3.780861280189285e-05), np.float64(0.0037808612801961904), np.float64(0.0), np.float64(0.0018900733348436727), np.float64(0.4967662714190304), np.float64(0.48568715235381904), np.float64(-0.02055837503780822), np.float64(-0.00908930340720988), np.float64(0.13194987889628076), 0, 0]"
2025-02-14,2025-02-14 13:46:00,,LONG,-1,537.0,536.73,2025-02-14 13:00:00,537.36,536.08,536.08,538.7604,534.7398000000001,65.55202454922483,3.373795073188147,4.682356228813411e-05,0.0002676569305464227,0.05030462243585821,0.11353042844143602,0.0884914628676268,27.309442521141985,False,False,"[np.float64(-5.597223776998561e-05), np.float64(0.0055975370836780875), np.float64(0.0), np.float64(0.009328532248727501), np.float64(0.0), np.float64(0.020524302640152987), np.float64(-0.00018654976214893537), np.float64(0.027990296697140746), np.float64(0.0), np.float64(0.00932957662382554), np.float64(0.6555202454922483), 1, np.float64(0.11353042844143602), np.float64(0.0884914628676268), np.float64(0.27309442521141986), 0, 0]"
2025-02-14,2025-02-14 09:43:00,,SHORT,1,537.0,536.73,2025-02-14 09:37:00,536.68,536.71,536.71,534.0264500000001,538.051775,49.843117372016195,1.473500291205591,-4.1175103929758095e-05,-0.0001724268877170143,0.05030462243585821,0.07690857046577548,0.10437607078159979,26.046489931126196,False,False,"[np.float64(-9.312894633906055e-05), np.float64(0.009313762014744528), np.float64(0.00020496385182977583), np.float64(0.020496385182979363), np.float64(-9.314629557177767e-05), np.float64(0.009315497261235333), np.float64(5.587840858289894e-05), np.float64(0.005587840858287274), np.float64(0.0), np.float64(0.0), np.float64(0.49843117372016194), np.float64(0.491166763735197), np.float64(0.07690857046577548), np.float64(0.10437607078159979), np.float64(0.26046489931126193), 0, 0]"
2025-02-18,2025-02-18 12:30:00,2025-02-18 13:02:00,LONG,-1,540.56,540.4,2025-02-18 12:25:00,540.65,540.59,540.59,543.29295,539.2385250000001,61.56334740113965,1.292311411992263,3.274307618061911e-05,0.00012149861917953864,0.029607698001474496,0.07060561075729765,0.04900940696496749,19.5216038739471,False,False,"[np.float64(0.00020350020350012876), np.float64(0.020350020350022875), np.float64(5.549594879572517e-05), np.float64(0.005549594879568743), np.float64(-5.5489789878571116e-05), np.float64(0.005549286916626166), np.float64(-0.00012947617638348063), np.float64(0.012949294263450864), np.float64(-7.399596721990864e-05), np.float64(0.007400144302828207), np.float64(0.6156334740113966), np.float64(0.43077047066408763), np.float64(0.07060561075729765), np.float64(0.04900940696496749), np.float64(0.195216038739471), 0, 0]"
2025-02-18,2025-02-18 09:48:00,,SHORT,-1,540.56,540.4,2025-02-18 09:36:00,540.37,540.27,540.27,537.5686499999999,541.620675,45.3740145821391,1.6206371282866414,-1.5917713564794767e-05,-9.224806946439568e-05,0.029607698001474496,-0.005276731623439446,0.03940696619238433,18.10221412205394,False,False,"[np.float64(0.0), np.float64(0.0), np.float64(0.0), np.float64(0.0), np.float64(0.0), np.float64(0.0), np.float64(0.00018512347735955004), np.float64(0.022214817283128692), np.float64(0.0001295744405158672), np.float64(0.012957444051595865), np.float64(0.453740145821391), np.float64(0.5402123760955472), np.float64(-0.005276731623439446), np.float64(0.03940696619238433), np.float64(0.1810221412205394), 0, 0]"
2025-02-19,2025-02-19 13:01:00,,LONG,-1,540.0,539.83,2025-02-19 13:00:00,540.16,539.1199,539.1199,541.8154995,537.7721002500001,37.97751534888121,1.8797148412184057,-0.00040308727024818136,-0.00040836380212350143,0.03149139543929738,-0.03945528379119878,0.03573386799809651,22.348821647098838,False,False,"[np.float64(0.0), np.float64(0.0), np.float64(-5.744772720106539e-05), np.float64(0.005745102763199664), np.float64(-0.00022239107470489738), np.float64(0.029660938397953744), np.float64(-0.0005375945424886952), np.float64(0.05378837058333995), np.float64(-0.000926784059314234), np.float64(0.28589724000273825), np.float64(0.37977515348881213), np.float64(0.6265716137394686), np.float64(-0.03945528379119878), np.float64(0.03573386799809651), np.float64(0.22348821647098838), 0, 0]"
2025-02-19,2025-02-19 09:51:00,,SHORT,1,540.0,539.83,2025-02-19 09:48:00,539.75,539.73,539.73,537.03135,541.079325,36.84310709334145,1.5516001438331535,1.704585037298756e-05,-0.00021462019873508265,0.03149139543929738,-0.03609371040101905,-0.012731550301506125,14.545433036767609,True,False,"[np.float64(0.0), np.float64(0.0), np.float64(0.0), np.float64(0.0), np.float64(0.0), np.float64(0.0), np.float64(0.0), np.float64(0.0), np.float64(0.0), np.float64(0.0), np.float64(0.36843107093341454), np.float64(0.5172000479443845), np.float64(-0.03609371040101905), np.float64(-0.012731550301506125), np.float64(0.14545433036767608), 1, 0]"
2025-02-20,2025-02-20 09:56:00,,LONG,1,538.28,538.09,2025-02-20 09:55:00,538.4,538.49,538.49,541.1824499999999,537.143775,62.95370252146927,2.724124663332051,-9.099436224957458e-06,0.00040829151658883234,0.03531007823968869,-0.002149405069644672,-0.049257668236663193,19.317267892167287,False,False,"[np.float64(1.8584597085924415e-05), np.float64(0.0018584597085918272), np.float64(0.0), np.float64(0.0), np.float64(0.0), np.float64(0.0), np.float64(9.290054068111786e-05), np.float64(0.009290054068106226), np.float64(9.287638153598898e-05), np.float64(0.009287638153609086), np.float64(0.6295370252146927), np.float64(0.9080415544440169), np.float64(-0.002149405069644672), np.float64(-0.049257668236663193), np.float64(0.19317267892167286), 0, 0]"
2025-02-20,2025-02-20 10:03:00,,SHORT,1,538.28,538.09,2025-02-20 09:35:00,538.05,538.79,538.79,536.09605,540.1369749999999,72.31760308129343,2.273623188405797,-3.897607258940283e-06,0.0004189185591811917,0.03531007823968869,0.11362742639846601,0.03679821962226485,25.829331494200662,False,False,"[np.float64(1.857079185851873e-05), np.float64(0.003714227347852584), np.float64(-3.713606654776047e-05), np.float64(0.003713744568645191), np.float64(0.0), np.float64(0.0), np.float64(0.0), np.float64(0.0), np.float64(0.00022277089869504607), np.float64(0.025990903183883106), np.float64(0.7231760308129342), np.float64(0.7578743961352656), np.float64(0.11362742639846601), np.float64(0.03679821962226485), np.float64(0.25829331494200664), 0, 0]"
2025-02-21,2025-02-21 10:16:00,,LONG,-1,537.8,537.65,2025-02-21 09:36:00,537.84,538.12,538.12,540.8105999999999,536.7747,67.95667321373125,2.1703357794084948,9.292471239796818e-05,0.00045543266472258814,0.027899190923458994,0.04595275073313587,0.04532651649564812,19.106760393360112,False,False,"[np.float64(0.0), np.float64(0.0), np.float64(0.0), np.float64(0.0), np.float64(0.0), np.float64(0.0), np.float64(0.0), np.float64(0.0), np.float64(0.0), np.float64(0.0), np.float64(0.6795667321373124), np.float64(0.7234452598028316), np.float64(0.04595275073313587), np.float64(0.04532651649564812), np.float64(0.19106760393360112), 0, 0]"
2025-02-21,2025-02-21 11:51:00,,SHORT,-1,537.8,537.65,2025-02-21 11:44:00,537.62,537.81,537.81,535.12095,539.1545249999999,46.27558671153844,1.4285714285714284,-1.76639188426142e-05,1.0074624029465795e-05,0.027899190923458994,-0.037867159703750985,-0.033981155904830966,13.845986034769771,False,False,"[np.float64(7.438954083038851e-05), np.float64(0.007438954083049156), np.float64(0.00011158846175285397), np.float64(0.011158846175295323), np.float64(0.00018598422853743912), np.float64(0.018598422853746233), np.float64(0.0), np.float64(0.0), np.float64(0.0), np.float64(0.0), np.float64(0.46275586711538436), np.float64(0.4761904761904761), np.float64(-0.037867159703750985), np.float64(-0.033981155904830966), np.float64(0.13845986034769772), 0, 0]"
2025-02-24,2025-02-24 09:41:00,,SHORT,1,529.31,529.0,2025-02-24 09:35:00,528.94,528.71,528.71,526.06645,530.031775,42.66204732800992,3.8731695702210405,-0.0001297329354855714,-0.000430912248132298,0.05860113421549063,0.08247061904785369,0.19606284422498738,34.47491791210091,False,False,"[np.float64(0.0), np.float64(0.0), np.float64(7.561293737357033e-05), np.float64(0.007561293737351585), np.float64(0.0), np.float64(0.0), np.float64(-9.452689290112559e-05), np.float64(0.009453582907935), np.float64(-5.673007828765897e-05), np.float64(0.005673329677203882), np.float64(0.42662047328009917), 1, np.float64(0.08247061904785369), np.float64(0.19606284422498738), np.float64(0.3447491791210091), 0, 0]"
2025-02-25,2025-02-25 10:16:00,,LONG,-1,518.63,518.21,2025-02-25 09:36:00,518.64,517.86,517.86,520.4493,516.5653500000001,51.88377209889493,5.396901760800539,0.0001471656703047053,0.00015618162538522107,0.08104822369308949,-0.040285131603013724,-0.11946605093684495,22.864095179039136,True,False,"[np.float64(-1.9309865410210847e-05), np.float64(0.0019310238288322915), np.float64(0.0), np.float64(0.0), np.float64(0.0), np.float64(0.0), np.float64(0.0005022116629000983), np.float64(0.050221166290006156), np.float64(-0.00027030157933372045), np.float64(0.027037466203186568), np.float64(0.5188377209889493), 1, np.float64(-0.040285131603013724), np.float64(-0.11946605093684495), np.float64(0.22864095179039137), 1, 0]"
2025-02-25,2025-02-25 09:46:00,,SHORT,-1,518.63,518.21,2025-02-25 09:41:00,518.02,517.64,517.64,515.0518,518.9341,27.747827356793465,2.1620975454255658,-0.00011493153846964255,-0.0007378372798564348,0.08104822369308949,-0.24150274106796132,-0.18494058031467364,29.014031075193337,False,False,"[np.float64(0.0), np.float64(0.0), np.float64(-0.0001929756850637121), np.float64(0.019301293186647892), np.float64(0.0), np.float64(0.0), np.float64(-1.9306137421071234e-05), np.float64(0.0019306510155206779), np.float64(0.0), np.float64(0.0), np.float64(0.27747827356793464), np.float64(0.7206991818085219), np.float64(-0.24150274106796132), np.float64(-0.18494058031467364), np.float64(0.29014031075193336), 0, 0]"
2025-02-26,2025-02-26 10:17:00,,LONG,1,517.52,517.38,2025-02-26 10:05:00,517.62,517.39,517.39,519.9769499999999,516.096525,50.24913367264921,2.9838924190926557,0.00030392504110343666,-2.9365388721780405e-05,0.027059414743512766,0.023132734561272628,0.04768851001737144,20.82220659500557,False,False,"[np.float64(-7.729468599027012e-05), np.float64(0.013528138528126222), np.float64(0.0), np.float64(0.0), np.float64(-9.663703131035373e-05), np.float64(0.009664637092868371), np.float64(0.0), np.float64(0.009665571235273191), np.float64(-9.665197556651961e-05), np.float64(0.013532584530332327), np.float64(0.502491336726492), np.float64(0.9946308063642185), np.float64(0.023132734561272628), np.float64(0.04768851001737144), np.float64(0.2082220659500557), 0, 0]"
2025-02-26,2025-02-26 09:37:00,,SHORT,-1,517.52,517.38,2025-02-26 09:36:00,517.3,517.41,517.41,514.82295,518.7035249999999,55.26668342936971,1.2766822524903436,1.372238153263261e-05,-8.268668722188899e-05,0.027059414743512766,0.13609644690768619,0.20116218876896114,35.36747275448807,False,False,"[np.float64(0.00027063076298561306), np.float64(0.028996713705797594), 0, 0, 0, 0, 0, 0, 0, 0, np.float64(0.5526668342936971), np.float64(0.4255607508301145), np.float64(0.13609644690768619), np.float64(0.20116218876896114), np.float64(0.3536747275448807), 0, 0]"
2025-02-27,2025-02-27 10:12:00,,LONG,-1,517.88,517.64,2025-02-27 09:40:00,517.96,517.66,517.66,520.2482999999999,516.36585,54.28679699706898,1.7062043795620436,1.2363480134114369e-05,0.00010774968945526098,0.046364268603664535,0.0372088436984086,0.061180643981947995,22.763489416758095,False,False,"[np.float64(0.0), np.float64(0.0), np.float64(0.0), np.float64(0.0019324044909062794), np.float64(5.796765404908477e-05), np.float64(0.005796765404898792), np.float64(0.0), np.float64(0.0), np.float64(-5.7958694770099406e-05), np.float64(0.005796205417514725), np.float64(0.5428679699706899), np.float64(0.5687347931873479), np.float64(0.0372088436984086), np.float64(0.061180643981947995), np.float64(0.22763489416758095), 0, 0]"
2025-02-27,2025-02-27 09:39:00,,SHORT,-1,517.88,517.64,2025-02-27 09:36:00,517.62,517.74,517.74,515.1513,519.03435,65.5518291029955,1.4795918367346939,3.0325020479171627e-05,0.0001235840726403481,0.046364268603664535,0.34008179083389223,0.43209740798390406,46.29871462114276,True,False,"[np.float64(0.0), np.float64(0.0), np.float64(0.0), np.float64(0.0), np.float64(0.000173872725165225), np.float64(0.01738727251652406), 0, 0, 0, 0, np.float64(0.655518291029955), np.float64(0.4931972789115646), np.float64(0.34008179083389223), np.float64(0.43209740798390406), np.float64(0.46298714621142756), 1, 0]"
2025-02-28,2025-02-28 15:14:00,2025-02-28 15:16:00,LONG,-1,502.3,501.91,2025-02-28 13:00:00,502.3796,502.61,502.61,505.12305,501.35347500000006,63.61254897312023,1.61777313470354,0.0019025004405412993,0.001960620047104289,0.07770317387579175,0.5613118996403728,0.37153618161278656,19.2719585064861,False,False,"[np.float64(0.0006301271431707889), np.float64(0.1217656923814051), np.float64(0.001071172105641116), np.float64(0.17564519670265974), np.float64(-0.0006973917548369624), np.float64(0.19353551476457048), np.float64(-9.971481562731643e-05), np.float64(0.14310234711799147), np.float64(0.0019146390107698252), np.float64(0.23943971107607967), np.float64(0.6361254897312023), np.float64(0.5392577115678466), np.float64(0.5613118996403728), np.float64(0.37153618161278656), np.float64(0.192719585064861), 0, 0]"
2025-02-28,2025-02-28 09:45:00,,SHORT,-1,502.3,501.91,2025-02-28 09:38:00,501.81,501.8,501.8,499.291,503.05449999999996,44.923099993464696,1.5324947589098532,-0.00010521013332986939,-0.0003069649447567935,0.07770317387579175,-0.0038410098238728096,0.04231191355677436,14.056331976231377,False,False,"[np.float64(-7.97050911627295e-05), np.float64(0.02590621948546172), np.float64(0.0002390866888484222), np.float64(0.029885836106070266), np.float64(1.992786114257683e-05), np.float64(0.013951170901842187), np.float64(0.0001793150166364832), np.float64(0.021917153161053946), np.float64(0.0), np.float64(0.0), np.float64(0.44923099993464694), np.float64(0.5108315863032844), np.float64(-0.0038410098238728096), np.float64(0.04231191355677436), np.float64(0.14056331976231376), 0, 0]"
2025-03-03,2025-03-03 09:45:00,,LONG,-1,509.93,509.53,2025-03-03 09:41:00,509.99,510.06,510.06,512.6102999999999,508.78485,68.8719588136443,2.050905081319489,0.00023885247271149268,0.00036661891181766215,0.07850371911369972,0.2133969190799121,0.22874099474988047,32.968390540519216,False,False,"[np.float64(-0.00017652596893136252), np.float64(0.019617459538994162), np.float64(7.8443677439477e-05), np.float64(0.013727643551928376), np.float64(0.0), np.float64(0.0), np.float64(0.0), np.float64(0.0), np.float64(0.0), np.float64(0.0), np.float64(0.688719588136443), np.float64(0.6836350271064964), np.float64(0.2133969190799121), np.float64(0.22874099474988047), np.float64(0.32968390540519216), 0, 0]"
2025-03-03,2025-03-03 14:43:00,2025-03-03 14:56:00,SHORT,1,509.93,509.53,2025-03-03 13:00:00,507.64,509.15,509.15,506.60425,510.422875,29.202518082710753,1.300453185056702,0.00010096276045534758,-0.0018376728331327419,0.07850371911369972,-0.6388759959999675,-0.37685761182658484,36.00248712344353,False,False,"[np.float64(-0.001819925246081322), np.float64(0.278578855472497), np.float64(-0.000705813155573054), np.float64(0.16098949641700072), np.float64(-0.00043160951110421397), np.float64(0.1767270156698021), np.float64(0.0008049385265247455), np.float64(0.17088980553918767), np.float64(-0.0011021725743378674), np.float64(0.12173571568820038), np.float64(0.29202518082710754), np.float64(0.4334843950189007), np.float64(-0.6388759959999675), np.float64(-0.37685761182658484), np.float64(0.3600248712344353), 0, 0]"
2025-03-04,2025-03-04 18:57:00,2025-03-04 19:23:00,LONG,1,498.92,498.25,2025-03-04 13:00:00,500.12,498.27,498.27,500.76134999999994,497.02432500000003,70.11820940366184,2.068454151440469,0.0010555614264826652,0.0012478614911848318,0.1344706472654322,0.5277601823265741,0.41569502499397126,23.831470245974458,False,False,"[np.float64(0.0007848345810190782), np.float64(0.12376611223473483), np.float64(0.000321730912308249), np.float64(0.1142553687954072), np.float64(8.44273713538346e-05), np.float64(0.08848489723685753), np.float64(0.0006834033486764479), np.float64(0.11659697651977807), np.float64(0.000994245427977436), np.float64(0.11047504268353009), np.float64(0.7011820940366184), np.float64(0.689484717146823), np.float64(0.5277601823265741), np.float64(0.41569502499397126), np.float64(0.2383147024597446), 0, 0]"
2025-03-04,2025-03-04 09:40:00,,SHORT,-1,498.92,498.25,2025-03-04 09:38:00,498.17,498.0,498.0,495.51,499.24499999999995,35.875883895326936,2.8863535338568678,-0.00029208333709729306,-0.0007862909475052637,0.1344706472654322,-0.14323520841139725,-0.09065387628125154,21.805092936988753,False,False,"[np.float64(0.0), np.float64(0.0), np.float64(0.0), np.float64(0.0), np.float64(0.0003211174888613222), np.float64(0.06624244735732462), np.float64(2.0064205457526185e-05), np.float64(0.002006420545755969), 0, 0, np.float64(0.3587588389532694), np.float64(0.9621178446189559), np.float64(-0.14323520841139725), np.float64(-0.09065387628125154), np.float64(0.21805092936988754), 0, 0]"
2025-03-05,2025-03-05 09:37:00,,LONG,-1,500.89,500.39,2025-03-05 09:36:00,501.0,500.6,500.6,503.10299999999995,499.34850000000006,65.1049421987877,1.4814814814814814,-1.298425010454185e-05,4.0669660339220925e-05,0.09992206079258178,0.3413965708462001,0.34641815076721044,41.095879771411475,False,True,"[np.float64(-5.9895781340579823e-05), np.float64(0.007986582541334651), np.float64(-0.0007385229540918248), np.float64(0.07390687733455936), 0, 0, 0, 0, 0, 0, np.float64(0.651049421987877), np.float64(0.49382716049382713), np.float64(0.3413965708462001), np.float64(0.34641815076721044), np.float64(0.41095879771411475), 0, 1]"
2025-03-05,2025-03-05 10:12:00,,SHORT,1,500.89,500.39,2025-03-05 10:11:00,500.2,499.89,499.89,497.39054999999996,501.13972499999994,29.60503613528816,1.8124267291910903,-7.221067273754933e-05,-0.0011412132269964514,0.09992206079258178,-0.08667636538734769,0.015472095776090041,21.615772475309267,False,False,"[np.float64(0.0), np.float64(0.0), np.float64(0.000179716048643197), np.float64(0.019968848596194484), np.float64(-7.987379939700112e-05), np.float64(0.02596157686623706), np.float64(-0.00023970276856699613), np.float64(0.03596475454055162), np.float64(-0.0003197697657687515), np.float64(0.03198720511795782), np.float64(0.2960503613528816), np.float64(0.6041422430636968), np.float64(-0.08667636538734769), np.float64(0.015472095776090041), np.float64(0.21615772475309267), 0, 0]"
2025-03-06,2025-03-06 09:40:00,2025-03-06 10:01:00,LONG,-1,496.39,495.31,2025-03-06 09:38:00,496.4,496.59,496.59,499.07294999999993,495.348525,48.335312935302575,1.8402375799063773,0.00018690941258059368,0.0005449123031082692,0.21804526458177384,-0.3225045088000229,-0.4768053274046554,45.22804100139829,False,False,"[np.float64(0.0), np.float64(0.0040301454882484605), np.float64(0.0), np.float64(0.0), np.float64(0.0), np.float64(0.0), np.float64(0.0), np.float64(0.0), np.float64(-6.04375679922331e-05), np.float64(0.014102951546286527), np.float64(0.48335312935302577), np.float64(0.6134125266354591), np.float64(-0.3225045088000229), np.float64(-0.4768053274046554), np.float64(0.4522804100139829), 0, 0]"
2025-03-06,2025-03-06 10:34:00,,SHORT,1,496.39,495.31,2025-03-06 10:01:00,495.0,496.2,496.2,493.719,497.4405,45.123299585208336,1.9806020462475604,-5.441324684496429e-06,-0.0003701123156338859,0.21804526458177384,0.05225661936958659,0.09803114144025807,12.221326851595846,False,False,"[np.float64(-0.0002617801047120061), np.float64(0.02618486514794357), np.float64(-0.00014099826773550372), np.float64(0.02417454018010124), np.float64(0.0), np.float64(0.0), np.float64(0.0), np.float64(0.0), np.float64(-0.00012088487730188557), np.float64(0.012089949222213726), np.float64(0.4512329958520834), np.float64(0.6602006820825201), np.float64(0.05225661936958659), np.float64(0.09803114144025807), np.float64(0.12221326851595846), 0, 0]"
2025-03-07,2025-03-07 13:31:00,2025-03-07 13:33:00,LONG,-1,491.47,491.16,2025-03-07 13:30:00,492.6,492.46,492.46,494.92229999999995,491.22885,86.38227450528944,2.783088521022772,0.0008509448292246535,0.004766250914274961,0.06311588891603596,0.43550337529785565,0.07222107409581321,25.947945529084716,False,False,"[np.float64(0.0006138484203632721), np.float64(0.09209045328968495), np.float64(-0.00020443208766052212), np.float64(0.038852422141802054), np.float64(0.00020451570680624087), np.float64(0.04704438535488202), np.float64(0.0007975297028690598), np.float64(0.12274959083469024), np.float64(0.006118899007469647), np.float64(0.9695205690040417), np.float64(0.8638227450528945), np.float64(0.9276961736742573), np.float64(0.43550337529785565), np.float64(0.07222107409581321), np.float64(0.25947945529084715), 0, 0]"
2025-03-07,2025-03-07 09:41:00,,SHORT,1,491.47,491.16,2025-03-07 09:38:00,491.06,490.91,490.91,488.45545000000004,492.137275,40.23592211726265,1.2352268394967594,-1.0796159744863587e-05,-0.000445989142867087,0.06311588891603596,-0.031296309353308516,0.02589247959244948,14.228663136931488,False,False,"[np.float64(0.0003664047551195093), np.float64(0.03664047551195025), np.float64(0.0), np.float64(0.0), np.float64(-0.000183243408327316), np.float64(0.018327699262814114), np.float64(-4.0724903278444025e-05), np.float64(0.012217968559094704), np.float64(-4.073236797619284e-05), np.float64(0.01833031222631316), np.float64(0.4023592211726265), np.float64(0.41174227983225314), np.float64(-0.031296309353308516), np.float64(0.02589247959244948), np.float64(0.14228663136931488), 0, 0]"
2025-03-10,2025-03-10 09:43:00,2025-03-10 09:56:00,LONG,-1,486.99,486.74,2025-03-10 09:38:00,487.0,487.4,487.4,489.83699999999993,486.1815,73.24338735157244,2.525762980578676,9.089870088718754e-05,0.0007921806846491464,0.051362123515634635,0.24575775612015605,0.2246326004962405,29.773235745467492,False,False,"[np.float64(-0.00026694045174535663), np.float64(0.03697465182203008), np.float64(-4.107282211351926e-05), np.float64(0.004107450915957819), np.float64(6.160037781577365e-05), np.float64(0.014374011786688266), np.float64(-0.00010266097240474448), np.float64(0.02669897927748361), np.float64(6.160543770650229e-05), np.float64(0.006160543770657887), np.float64(0.7324338735157244), np.float64(0.8419209935262253), np.float64(0.24575775612015605), np.float64(0.2246326004962405), np.float64(0.2977323574546749), 0, 0]"
2025-03-10,2025-03-10 09:54:00,,SHORT,1,486.99,486.74,2025-03-10 09:53:00,486.72,486.24,486.24,483.8088,487.4556,33.40618314826112,2.4103084594678084,-0.00020315056088471284,-0.0015253425198623605,0.051362123515634635,0.07593168694472752,0.2052106949594912,28.656366576388752,False,False,"[np.float64(-0.00016412613093164108), np.float64(0.030783122639967596), np.float64(0.00010259567046255746), np.float64(0.012311480455525244), np.float64(-4.103405826827444e-05), np.float64(0.004103574213135912), np.float64(0.0), np.float64(0.0), np.float64(-0.000349154839902166), np.float64(0.07190992767915144), np.float64(0.3340618314826112), np.float64(0.8034361531559361), np.float64(0.07593168694472752), np.float64(0.2052106949594912), np.float64(0.28656366576388753), 0, 0]"
2025-03-11,2025-03-11 11:44:00,2025-03-11 12:00:00,LONG,-1,475.8,475.31,2025-03-11 11:36:00,476.0,476.02,476.02,478.40009999999995,474.82995,65.74720125865628,1.2407944061893494,8.06753874518229e-05,0.00036799323790770444,0.103090614546298,0.3044609515337129,0.2839934911863942,30.12486282657741,False,False,"[np.float64(-0.00010512594087719318), np.float64(0.02523287844060907), np.float64(0.00048355899419738613), np.float64(0.048355899419733034), np.float64(6.304110279908848e-05), np.float64(0.014710827168806749), np.float64(0.0), np.float64(0.0), np.float64(0.0005464825440864018), np.float64(0.05464825440864092), np.float64(0.6574720125865627), np.float64(0.4135981353964498), np.float64(0.3044609515337129), np.float64(0.2839934911863942), np.float64(0.3012486282657741), 0, 0]"
2025-03-11,2025-03-11 09:42:00,,SHORT,-1,475.8,475.31,2025-03-11 09:41:00,475.18,475.18,475.18,472.8041,476.36795,41.58595075156591,2.9066545537133774,-8.837974672881721e-05,-0.0005546361688533175,0.103090614546298,-0.04725728604040569,-0.0075632965599115205,10.46631364021806,False,False,"[np.float64(-6.305965443320627e-05), np.float64(0.006306363120394686), np.float64(0.0), np.float64(0.0021020326655857113), np.float64(-0.00031525851197988786), np.float64(0.03153579312520427), np.float64(-0.00010514141520345799), np.float64(0.029448265707491716), np.float64(-0.00033660116968903253), np.float64(0.033671450818630454), np.float64(0.4158595075156591), np.float64(0.9688848512377924), np.float64(-0.04725728604040569), np.float64(-0.0075632965599115205), np.float64(0.1046631364021806), 0, 0]"
2025-03-12,2025-03-12 11:02:00,,LONG,1,475.83,475.29,2025-03-12 11:00:00,475.89,476.06,476.06,478.4403,474.86985000000004,65.60375784652805,1.8313975996902827,9.894689828793268e-05,0.0006195007105049832,0.11361484567316031,0.15492533279109466,0.11983617666794712,20.46367504394105,False,False,"[np.float64(0.00021025630243265425), np.float64(0.02102563024325937), np.float64(-0.00012618296529964823), np.float64(0.02734654381757656), np.float64(0.00021029609690459417), np.float64(0.02102960969044893), np.float64(0.0007570500283893278), np.float64(0.0799141973880666), np.float64(-0.00014708045300781958), np.float64(0.01471020888496473), np.float64(0.6560375784652805), np.float64(0.6104658665634276), np.float64(0.15492533279109466), np.float64(0.11983617666794712), np.float64(0.2046367504394105), 0, 0]"
2025-03-12,2025-03-12 09:44:00,,SHORT,-1,475.83,475.29,2025-03-12 09:42:00,475.12,475.0,475.0,472.625,476.1875,40.80904667794611,1.4536029030585795,-8.883421304461958e-05,-0.0005988889949063436,0.11361484567316031,-0.0035537097049882505,0.06294338333978336,13.994492411700985,False,False,"[np.float64(-0.00033646667928410867), np.float64(0.03365799272145238), np.float64(0.0), np.float64(0.0), np.float64(-0.000126164392203032), np.float64(0.01261803116653746), np.float64(-0.00048385400231409914), np.float64(0.048408823034184666), np.float64(0.0), np.float64(0.0), np.float64(0.4080904667794611), np.float64(0.4845343010195265), np.float64(-0.0035537097049882505), np.float64(0.06294338333978336), np.float64(0.13994492411700984), 0, 0]"
2025-03-13,2025-03-13 09:36:00,,LONG,1,475.65,475.44,2025-03-13 09:35:00,475.77,475.95,475.95,478.32974999999993,474.760125,72.88684981329052,1.8553703779534008,7.774530218762621e-05,0.0005969912591672344,0.04416961130741619,0.3172464061251503,0.33727133490565553,44.27190478156272,False,False,"[np.float64(0.0004415846580871907), np.float64(0.052574024226110364), 0, 0, 0, 0, 0, 0, 0, 0, np.float64(0.7288684981329052), np.float64(0.6184567926511336), np.float64(0.3172464061251503), np.float64(0.33727133490565553), np.float64(0.44271904781562715), 0, 0]"
2025-03-13,2025-03-13 11:36:00,2025-03-13 12:00:00,SHORT,1,475.65,475.44,2025-03-13 11:25:00,475.32,474.98,474.98,472.6051,476.16745,36.15890130667875,2.4286334056399133,-0.00025720781760207867,-0.001064539097330841,0.04416961130741619,-0.18891398541154558,-0.20876110058367048,16.242794138629574,False,False,"[np.float64(0.0006310209919651033), np.float64(0.06310209919650232), np.float64(-0.00012610870570417543), np.float64(0.023123817532060886), np.float64(-4.2053028869393216e-05), np.float64(0.004205479740097527), np.float64(0.0), np.float64(0.0), np.float64(0.00018919487071689112), np.float64(0.018919487071690527), np.float64(0.3615890130667875), np.float64(0.8095444685466378), np.float64(-0.18891398541154558), np.float64(-0.20876110058367048), np.float64(0.16242794138629574), 0, 0]"
2025-03-14,2025-03-14 09:40:00,,LONG,-1,473.08,472.87,2025-03-14 09:36:00,473.25,473.28,473.28,475.6463999999999,472.0968,55.976815013183085,2.6474059629496587,-0.00012464639507847597,0.0002883426838402592,0.04440966861927793,-0.005699506871053472,0.006174625802556935,17.142880174048663,False,True,"[np.float64(-8.453085376158853e-05), np.float64(0.021134946634264556), np.float64(0.0), np.float64(0.01902185399670961), np.float64(8.455408290530819e-05), np.float64(0.008455408290532155), 0, 0, 0, 0, np.float64(0.5597681501318309), np.float64(0.8824686543165529), np.float64(-0.005699506871053472), np.float64(0.006174625802556935), np.float64(0.17142880174048664), 0, 1]"
2025-03-14,2025-03-14 10:32:00,2025-03-14 10:51:00,SHORT,-1,473.08,472.87,2025-03-14 10:13:00,472.79,472.47,472.47,470.10765000000004,473.651175,34.92103625755287,3.1960765271438283,-0.00030913039145297194,-0.000547708222021881,0.04440966861927793,-0.10140154775399424,-0.0899482759607629,15.503733206973033,False,False,"[np.float64(2.115059221652338e-05), np.float64(0.0021150592216562826), np.float64(-8.460415829447676e-05), np.float64(0.008461131676366042), np.float64(0.0), np.float64(0.0), np.float64(0.0), np.float64(0.0), np.float64(-2.1151934344376677e-05), np.float64(0.0021152381758166735), np.float64(0.34921036257552873), 1, np.float64(-0.10140154775399424), np.float64(-0.0899482759607629), np.float64(0.15503733206973033), 0, 0]"
2025-03-17,2025-03-17 09:53:00,,LONG,1,477.89,477.49,2025-03-17 09:39:00,477.93,477.89,477.89,480.27944999999994,476.69527500000004,53.93456144587955,1.3923651277736881,0.00017454760984869644,6.182406240018423e-05,0.08377138788246398,0.07096889951856156,0.07054604054846386,13.64961515862766,False,False,"[np.float64(0.0), np.float64(0.0), np.float64(-0.0001045981339692359), np.float64(0.01883042159222342), np.float64(-0.0001255282647809608), np.float64(0.018831603615662662), np.float64(0.00014646802812179338), np.float64(0.014646802812184712), np.float64(-0.0003348050806670777), np.float64(0.03349172126514311), np.float64(0.5393456144587955), np.float64(0.46412170925789603), np.float64(0.07096889951856156), np.float64(0.07054604054846386), np.float64(0.1364961515862766), 0, 0]"
2025-03-18,2025-03-18 09:38:00,,SHORT,1,482.43,482.18,2025-03-18 09:35:00,482.17,482.13,482.13,479.71935,483.33532499999995,42.435217564542924,1.229120705956508,-1.3274251850714514e-05,-0.00024623633914988563,0.05184785764652205,-0.03932084771111022,-0.004338570788769043,10.839906171537164,False,False,"[np.float64(-8.295141121084093e-05), np.float64(0.00829582927182604), np.float64(0.0), np.float64(0.0020738712955455122), np.float64(2.0738282870080837e-05), np.float64(0.002073828287015949), 0, 0, 0, 0, np.float64(0.42435217564542926), np.float64(0.40970690198550264), np.float64(-0.03932084771111022), np.float64(-0.004338570788769043), np.float64(0.10839906171537164), 0, 0]"
2025-03-19,2025-03-19 09:42:00,,LONG,1,476.0,475.65,2025-03-19 09:37:00,476.02,475.85,475.85,478.22925,474.66037500000004,57.52254686284965,1.3876739562624254,-4.202987483381548e-06,-3.32565270989571e-05,0.07358351729213135,0.16164626064022514,0.1691339795028164,21.178118862890752,False,False,"[np.float64(0.00014707427250759686), np.float64(0.014707427250760201), np.float64(-6.302521008394457e-05), np.float64(0.0126058365022891), np.float64(-2.100972750396224e-05), np.float64(0.004202122071654303), np.float64(-2.1011493286815508e-05), np.float64(0.0021011934778935332), np.float64(-0.0003361556400613974), np.float64(0.035729298024383335), np.float64(0.5752254686284966), np.float64(0.46255798542080845), np.float64(0.16164626064022514), np.float64(0.1691339795028164), np.float64(0.21178118862890752), 0, 0]"
2025-03-19,2025-03-19 12:19:00,,SHORT,-1,476.0,475.65,2025-03-19 12:00:00,473.98,476.2,476.2,473.81899999999996,477.3905,41.814611251212675,3.156446379430731,-0.00020722290445052138,-0.00040839908191858676,0.07358351729213135,-0.017378901864219642,-0.015431664831914873,40.417657265276866,False,False,"[np.float64(4.198505332086988e-05), np.float64(0.00839736322795072), np.float64(6.295379191678663e-05), np.float64(0.006295379191667587), np.float64(0.00023084025854114287), np.float64(0.03567606136282888), np.float64(-0.00012588909171018514), np.float64(0.016788030134522684), np.float64(-0.0002728455694076537), np.float64(0.02729200344299025), np.float64(0.41814611251212674), 1, np.float64(-0.017378901864219642), np.float64(-0.015431664831914873), np.float64(0.40417657265276863), 0, 0]"
2025-03-20,2025-03-20 14:17:00,,LONG,1,482.05,481.42,2025-03-20 12:00:00,484.17,482.7895,482.7895,485.2034474999999,481.58252625,70.30908723002928,2.5072632190586868,0.0021779369506764734,0.0011749638363902637,0.13086286402725175,0.6312924854378252,0.6677945967482711,37.51586129742914,False,False,"[np.float64(0.0003734982258833952), np.float64(0.07393818170194011), np.float64(1.825574641101113e-05), np.float64(0.05602589641433885), np.float64(6.223420806961144e-05), np.float64(0.045655467242196116), np.float64(-0.0005393183845340266), np.float64(0.1329317686156374), np.float64(0.0016396845163968443), np.float64(0.17336433078711105), np.float64(0.7030908723002928), np.float64(0.8357544063528956), np.float64(0.6312924854378252), np.float64(0.6677945967482711), np.float64(0.3751586129742914), 0, 0]"
2025-03-20,2025-03-20 09:48:00,2025-03-20 10:12:00,SHORT,1,482.05,481.42,2025-03-20 09:36:00,481.31,481.13,481.13,478.72435,482.33282499999996,21.59020800816282,1.5416275220328366,-0.00010910621229998085,-0.000478409158304105,0.13086286402725175,-0.3357235174513562,-0.331790989434615,54.080910610828745,False,False,"[np.float64(0.00010383784681833319), np.float64(0.010383784681843198), np.float64(0.00012463129907347437), np.float64(0.012463129907357873), np.float64(-0.0003531586928974262), np.float64(0.04987531172070015), np.float64(-2.0780948026821733e-05), np.float64(0.012468827930175038), np.float64(0.0), np.float64(0.0), np.float64(0.21590208008162817), np.float64(0.5138758406776122), np.float64(-0.3357235174513562), np.float64(-0.331790989434615), np.float64(0.5408091061082875), 0, 0]"
2025-03-21,2025-03-21 09:42:00,,LONG,1,477.6,477.26,2025-03-21 09:36:00,477.67,477.8,477.8,480.18899999999996,476.60550000000006,65.18885870140518,1.4878372401592215,0.0001345932489449364,0.00038800378743664155,0.07123999497130114,0.16158739581197779,0.10869837678760211,15.64258477888508,False,False,"[np.float64(0.0), np.float64(0.0), np.float64(2.094240837702266e-05), np.float64(0.008376963350789626), np.float64(0.0), np.float64(0.0), np.float64(0.00010466820180021763), np.float64(0.010466820180031687), np.float64(0.0), np.float64(0.0), np.float64(0.6518885870140518), np.float64(0.4959457467197405), np.float64(0.16158739581197779), np.float64(0.10869837678760211), np.float64(0.1564258477888508), 0, 0]"
2025-03-21,2025-03-21 10:05:00,,SHORT,1,477.6,477.26,2025-03-21 09:57:00,477.25,477.94,477.94,475.5503,479.13485,63.86622461446024,3.48928923545756,5.3147570716616244e-05,0.0005282255875966868,0.07123999497130114,0.10657152644921553,0.06290401056975567,16.04358908217676,False,False,"[np.float64(0.0), np.float64(0.0), np.float64(4.1886571165328235e-05), np.float64(0.029326127484862765), np.float64(0.00012560447151921394), np.float64(0.012560447151919086), np.float64(0.0), np.float64(0.0), np.float64(2.092093976857612e-05), np.float64(0.002092093976859538), np.float64(0.6386622461446024), 1, np.float64(0.10657152644921553), np.float64(0.06290401056975567), np.float64(0.1604358908217676), 0, 0]"
2025-03-24,2025-03-24 09:56:00,,LONG,1,486.23,485.95,2025-03-24 09:46:00,486.38,486.2,486.2,488.6309999999999,484.9845,44.5174008126295,1.52282544253409,-2.8794651762975576e-06,-0.0001529744479498163,0.05761909661488416,-0.013925212401147746,-0.0271311086466059,17.623169003240633,False,False,"[np.float64(-8.223177024446748e-05), np.float64(0.01439263097294045), np.float64(0.0), np.float64(0.002056259253164769), np.float64(0.00018510900863843993), np.float64(0.018510900863848587), np.float64(0.0), np.float64(0.0), np.float64(0.0), np.float64(0.0), np.float64(0.44517400812629504), np.float64(0.5076084808446967), np.float64(-0.013925212401147746), np.float64(-0.0271311086466059), np.float64(0.17623169003240632), 0, 0]"
